{"kind":"APIResourceList","apiVersion":"v1","groupVersion":"apps/v1beta1","resources":[{"name":"controllerrevisions","namespaced":true,"kind":"ControllerRevision"},{"name":"deployments","namespaced":true,"kind":"Deployment"},{"name":"deployments/rollback","namespaced":true,"kind":"DeploymentRollback"},{"name":"deployments/scale","namespaced":true,"kind":"Scale"},{"name":"deployments/status","namespaced":true,"kind":"Deployment"},{"name":"statefulsets","namespaced":true,"kind":"StatefulSet"},{"name":"statefulsets/status","namespaced":true,"kind":"StatefulSet"}]}
