{"kind":"APIResourceList","apiVersion":"v1","groupVersion":"v1","resources":[{"name":"bindings","namespaced":true,"kind":"Binding"},{"name":"componentstatuses","namespaced":false,"kind":"ComponentStatus"},{"name":"configmaps","namespaced":true,"kind":"ConfigMap"},{"name":"endpoints","namespaced":true,"kind":"Endpoints"},{"name":"events","namespaced":true,"kind":"Event"},{"name":"limitranges","namespaced":true,"kind":"LimitRange"},{"name":"namespaces","namespaced":false,"kind":"Namespace"},{"name":"namespaces/finalize","namespaced":false,"kind":"Namespace"},{"name":"namespaces/status","namespaced":false,"kind":"Namespace"},{"name":"nodes","namespaced":false,"kind":"Node"},{"name":"nodes/proxy","namespaced":false,"kind":"Node"},{"name":"nodes/status","namespaced":false,"kind":"Node"},{"name":"persistentvolumeclaims","namespaced":true,"kind":"PersistentVolumeClaim"},{"name":"persistentvolumeclaims/status","namespaced":true,"kind":"PersistentVolumeClaim"},{"name":"persistentvolumes","namespaced":false,"kind":"PersistentVolume"},{"name":"persistentvolumes/status","namespaced":false,"kind":"PersistentVolume"},{"name":"pods","namespaced":true,"kind":"Pod"},{"name":"pods/attach","namespaced":true,"kind":"Pod"},{"name":"pods/binding","namespaced":true,"kind":"Binding"},{"name":"pods/eviction","namespaced":true,"kind":"Eviction"},{"name":"pods/exec","namespaced":true,"kind":"Pod"},{"name":"pods/log","namespaced":true,"kind":"Pod"},{"name":"pods/portforward","namespaced":true,"kind":"Pod"},{"name":"pods/proxy","namespaced":true,"kind":"Pod"},{"name":"pods/status","namespaced":true,"kind":"Pod"},{"name":"podtemplates","namespaced":true,"kind":"PodTemplate"},{"name":"replicationcontrollers","namespaced":true,"kind":"ReplicationController"},{"name":"replicationcontrollers/scale","namespaced":true,"kind":"Scale"},{"name":"replicationcontrollers/status","namespaced":true,"kind":"ReplicationController"},{"name":"resourcequotas","namespaced":true,"kind":"ResourceQuota"},{"name":"resourcequotas/status","namespaced":true,"kind":"ResourceQuota"},{"name":"secrets","namespaced":true,"kind":"Secret"},{"name":"serviceaccounts","namespaced":true,"kind":"ServiceAccount"},{"name":"services","namespaced":true,"kind":"Service"},{"name":"services/proxy","namespaced":true,"kind":"Service"},{"name":"services/status","namespaced":true,"kind":"Service"}]}
