{"kind":"APIResourceList","apiVersion":"v1","groupVersion":"extensions/v1beta1","resources":[{"name":"daemonsets","namespaced":true,"kind":"DaemonSet"},{"name":"daemonsets/status","namespaced":true,"kind":"DaemonSet"},{"name":"deployments","namespaced":true,"kind":"Deployment"},{"name":"deployments/rollback","namespaced":true,"kind":"DeploymentRollback"},{"name":"deployments/scale","namespaced":true,"kind":"Scale"},{"name":"deployments/status","namespaced":true,"kind":"Deployment"},{"name":"ingresses","namespaced":true,"kind":"Ingress"},{"name":"ingresses/status","namespaced":true,"kind":"Ingress"},{"name":"networkpolicies","namespaced":true,"kind":"NetworkPolicy"},{"name":"podsecuritypolicies","namespaced":false,"kind":"PodSecurityPolicy"},{"name":"replicasets","namespaced":true,"kind":"ReplicaSet"},{"name":"replicasets/scale","namespaced":true,"kind":"Scale"},{"name":"replicasets/status","namespaced":true,"kind":"ReplicaSet"},{"name":"replicationcontrollers","namespaced":true,"kind":"ReplicationControllerDummy"},{"name":"replicationcontrollers/scale","namespaced":true,"kind":"Scale"},{"name":"thirdpartyresources","namespaced":false,"kind":"ThirdPartyResource"}]}
